{
    "sunLight": {
        "ambient": [
            0.10000000149011612,
            0.10000000149011612,
            0.10000000149011612
        ],
        "diffuse": [
            1.0,
            1.0,
            1.0
        ],
        "position": [
            0.0,
            0.0,
            0.0
        ],
        "specular": [
            0.5,
            0.5,
            0.5
        ],
        "useSunLight": false
    }
}